umls_code,mesh_code
C0000737,D015746
C0000744,D000012
C0000768,D000013
C0000771,D000014
C0000772,D000015
C0000786,D000022
C0000809,D000026
C0000821,D000033
C0000822,D000022
C0000832,D000037
C0001080,D000130
C0001122,D000138
C0001125,D000140
C0001126,D000141
C0001144,D000152
C0001175,D000163
C0001193,D000168
C0001197,D000169
C0001206,D000172
C0001231,D000182
C0001338,D020803
C0001349,D000210
C0001364,D047508
C0001403,D000224
C0001418,D000230
C0001430,D000236
C0001546,D000275
C0001614,D000303
C0001618,D000306
C0001621,D000307
C0001623,D000309
C0001624,D000310
C0001627,D000312
C0001723,D000341
C0001733,D000347
C0001768,D000361
C0001787,D010024
C0001815,D055728
C0001824,D000380
C0001828,D000382
C0001849,D015526
C0001883,D000402
C0001890,D004832
C0001916,D000417
C0001925,D000419
C0001956,D000437
C0001957,D000430
C0001969,D000435
C0001973,D000437
C0002018,D004410
C0002063,D000471
C0002066,D000474
C0002152,D003921
C0002170,D000505
C0002171,D000506
C0002312,D017085
C0002382,D016301
C0002390,D000542
C0002395,D000544
C0002448,D000564
C0002452,D000567
C0002453,D000568
C0002514,D000592
C0002622,D000647
C0002624,D000648
C0002631,D002821
C0002726,D000686
C0002735,D009468
C0002736,D000690
C0002768,D000699
C0002792,D000707
C0002793,D000708
C0002871,D000740
C0002874,D000741
C0002875,D017086
C0002876,D000742
C0002878,D000743
C0002879,D000743
C0002880,D000744
C0002881,D000745
C0002882,D000746
C0002883,D000744
C0002884,D000747
C0002886,D000748
C0002888,D000749
C0002889,D000743
C0002891,D000751
C0002893,D000753
C0002894,D000754
C0002895,D000755
C0002896,D000756
C0002897,D006971
C0002902,D000757
C0002938,D000782
C0002940,D000783
C0002949,D000094665
C0002962,D000787
C0002965,D000789
C0002985,D000794
C0002986,D000795
C0002991,D018219
C0002994,D000799
C0003076,D015783
C0003081,D015858
C0003090,D000844
C0003119,D000853
C0003123,D000855
C0003125,D000856
C0003126,D000086582
C0003128,D000858
C0003129,D000860
C0003130,D000860
C0003132,D002534
C0003165,D055008
C0003257,D007153
C0003431,D000987
C0003460,D001002
C0003463,D001005
C0003466,D001006
C0003467,D001007
C0003469,D001008
C0003477,D001010
C0003486,D001014
C0003493,D001018
C0003496,D001019
C0003499,D021921
C0003504,D001022
C0003510,D013625
C0003537,D001037
C0003546,D001037
C0003578,D001049
C0003615,D001064
C0003621,D001068
C0003635,D001072
C0003706,D054119
C0003756,D001117
C0003803,D001139
C0003811,D001145
C0003838,D001157
C0003850,D001161
C0003857,D001165
C0003860,D001167
C0003862,D018771
C0003864,D001168
C0003865,D001169
C0003868,D015210
C0003869,D001170
C0003872,D015535
C0003873,D001172
C0003875,D001170
C0003949,D001195
C0003962,D001201
C0004030,D001228
C0004044,D001237
C0004045,D001238
C0004048,D001239
C0004093,D001247
C0004096,D001249
C0004114,D001254
C0004134,D001259
C0004135,D001260
C0004138,D013132
C0004153,D050197
C0004238,D001281
C0004245,D054537
C0004310,D001308
C0004331,D006327
C0004352,D001321
C0004364,D001327
C0004368,D015551
C0004403,D002869
C0004444,D010554
C0004509,D053713
C0004565,D008546
C0004604,D001416
C0004610,D016470
C0004623,D001424
C0004681,D011009
C0004698,D001449
C0004712,D002549
C0004763,D001471
C0004775,D001477
C0004779,D001478
C0004782,D001480
C0004903,D001506
C0004930,D001523
C0004936,D001523
C0004943,D001528
C0005129,D001606
C0005136,D002532
C0005138,D001607
C0005283,D017086
C0005395,D001649
C0005396,D001650
C0005398,D001651
C0005411,D001656
C0005426,D001661
C0005586,D001714
C0005587,D001714
C0005612,D001724
C0005683,D001744
C0005684,D001749
C0005686,D001745
C0005689,D001746
C0005694,D001748
C0005695,D001749
C0005697,D001750
C0005699,D001752
C0005745,D001763
C0005747,D001764
C0005758,D001768
C0005779,D001778
C0005818,D001791
C0005859,D001816
C0005899,D019956
C0005910,D001835
C0005940,D001847
C0005941,D001848
C0005942,D001849
C0005944,D001851
C0005956,D001855
C0005967,D001859
C0005974,D001862
C0006079,D001913
C0006111,D001927
C0006112,D001928
C0006114,D001929
C0006118,D001932
C0006142,D001943
C0006145,D001941
C0006261,D001982
C0006267,D001987
C0006272,D001989
C0006287,D001997
C0006309,D002006
C0006384,D002037
C0006413,D002051
C0006625,D002100
C0006635,D002105
C0006663,D002114
C0006826,D009369
C0006840,D002177
C0006845,D002178
C0006849,D002180
C0006852,D002181
C0006868,D002189
C0006870,D002189
C0007001,D002239
C0007097,D002277
C0007102,D003110
C0007107,D007822
C0007113,D012004
C0007114,D012878
C0007124,D002285
C0007129,D015266
C0007130,D002288
C0007131,D002289
C0007134,D002292
C0007137,D002294
C0007138,D002295
C0007140,D002296
C0007166,D002303
C0007177,D002305
C0007192,D002310
C0007193,D002311
C0007194,D002312
C0007196,D002313
C0007222,D002318
C0007273,D002340
C0007274,D002341
C0007282,D016893
C0007286,D002349
C0007302,D002357
C0007370,D002375
C0007398,D002389
C0007528,D002430
C0007570,D002446
C0007621,D002471
C0007642,D002481
C0007682,D002493
C0007758,D002524
C0007760,D002526
C0007766,D002532
C0007772,D002538
C0007781,D002542
C0007785,D002544
C0007786,D002545
C0007787,D002546
C0007789,D002547
C0007795,D002549
C0007820,D002561
C0007852,D008881
C0007862,D020968
C0007873,D002583
C0007959,D002607
C0007965,D002609
C0008029,D002636
C0008031,D002637
C0008073,D002658
C0008074,D002659
C0008149,D002690
C0008297,D002754
C0008301,D000402
C0008311,D002761
C0008312,D008105
C0008313,D015209
C0008340,D015529
C0008350,D002769
C0008370,D002779
C0008372,D002780
C0008384,D015217
C0008441,D002804
C0008445,D002806
C0008479,D002813
C0008487,D002817
C0008489,D002819
C0008495,D002821
C0008525,D015794
C0008533,D002836
C0008625,D002869
C0008626,D025063
C0008628,D002872
C0008677,D029481
C0008701,D013981
C0008780,D002925
C0008909,D000098452
C0008924,D002971
C0008925,D002972
C0008928,D002973
C0009075,D008546
C0009081,D003025
C0009090,D013064
C0009171,D019970
C0009197,D015834
C0009207,D003057
C0009241,D003072
C0009319,D003092
C0009324,D003093
C0009363,D003103
C0009375,D003110
C0009376,D003111
C0009398,D003117
C0009402,D015179
C0009404,D015179
C0009405,D003123
C0009421,D003128
C0009438,D042882
C0009439,D015529
C0009447,D017074
C0009451,D006849
C0009492,D003161
C0009676,D003221
C0009759,D003229
C0009777,D018246
C0009782,D003240
C0009806,D003248
C0009917,D003286
C0009952,D003294
C0010034,D003316
C0010035,D003317
C0010038,D003318
C0010043,D003320
C0010051,D003323
C0010054,D003324
C0010068,D003327
C0010072,D003328
C0010073,D003329
C0010074,D003330
C0010093,D010048
C0010200,D003371
C0010246,D003384
C0010273,D003394
C0010276,D003397
C0010278,D003398
C0010308,D003409
C0010314,D003410
C0010324,D003414
C0010346,D003424
C0010398,D006975
C0010417,D003456
C0010474,D004381
C0010481,D003480
C0010495,D003483
C0010520,D003490
C0010606,D003528
C0010674,D003550
C0010691,D003555
C0010692,D003556
C0010701,D003557
C0010709,D003560
C0010823,D003586
C0010964,D003616
C0011052,D003638
C0011053,D003638
C0011057,D003639
C0011071,D003645
C0011168,D003680
C0011175,D003681
C0011195,D015417
C0011206,D003693
C0011251,D012563
C0011265,D000544
C0011269,D015140
C0011303,D003711
C0011304,D003711
C0011311,D003715
C0011351,D003744
C0011436,D003811
C0011570,D003863
C0011573,D003866
C0011574,D003865
C0011579,D000275
C0011581,D003866
C0011603,D003872
C0011609,D003875
C0011615,D003876
C0011616,D003877
C0011633,D003882
C0011644,D012594
C0011757,D019957
C0011813,D003914
C0011848,D003919
C0011849,D003920
C0011853,D003921
C0011854,D003922
C0011859,D003923
C0011860,D003924
C0011875,D003925
C0011880,D016883
C0011881,D003928
C0011882,D003929
C0011884,D003930
C0011989,D003966
C0011991,D003967
C0011993,D003969
C0011999,D009436
C0012236,D004062
C0012243,D004067
C0012684,D020964
C0012715,D019189
C0012734,D019958
C0012739,D004211
C0013069,D004310
C0013080,D004314
C0013132,D012798
C0013146,D019966
C0013170,D019966
C0013182,D004342
C0013221,D064420
C0013222,D019966
C0013238,D015352
C0013261,D004370
C0013264,D020388
C0013274,D004374
C0013295,D004381
C0013336,D004392
C0013338,D004393
C0013362,D004401
C0013363,D054969
C0013364,D004402
C0013366,D010009
C0013374,D004406
C0013384,D020820
C0013386,D004409
C0013390,D004412
C0013393,D004413
C0013404,D004417
C0013409,D000987
C0013415,D019263
C0013421,D004421
C0013447,D004427
C0013473,D001068
C0013481,D004437
C0013502,D004443
C0013575,D004476
C0013581,D004479
C0013595,D004485
C0013604,D004487
C0013608,D004489
C0013720,D004535
C0013902,D004612
C0013903,D004613
C0013911,D004614
C0013922,D004617
C0013930,D009360
C0013937,D020964
C0013949,D005315
C0013990,D004646
C0014008,D004652
C0014038,D004660
C0014067,D004677
C0014072,D004681
C0014084,D004687
C0014130,D004700
C0014132,D004701
C0014170,D016889
C0014173,D004714
C0014175,D004715
C0014324,D004749
C0014335,D004751
C0014356,D004760
C0014378,D004769
C0014457,D004802
C0014458,D004802
C0014474,D004806
C0014476,D009175
C0014518,D013262
C0014522,D004819
C0014527,D004820
C0014544,D004827
C0014547,D004828
C0014548,D004829
C0014549,D004830
C0014550,D004831
C0014553,D004832
C0014556,D004833
C0014558,D004833
C0014591,D004844
C0014742,D004892
C0014799,D010267
C0014804,D004916
C0014805,D004916
C0014836,D004927
C0014848,D004931
C0014849,D004932
C0014852,D004935
C0014859,D004938
C0014866,D004940
C0014867,D004932
C0014868,D004941
C0014869,D004942
C0015230,D005076
C0015306,D005097
C0015371,D001480
C0015378,D005119
C0015393,D005124
C0015397,D005128
C0015398,D015785
C0015404,D015818
C0015423,D005141
C0015456,D005148
C0015469,D005158
C0015499,D005166
C0015503,D005168
C0015519,D005171
C0015523,D005173
C0015526,D005175
C0015530,D005177
C0015544,D005183
C0015624,D005198
C0015625,D005199
C0015644,D005207
C0015672,D005221
C0015695,D005234
C0015696,D005235
C0015697,D058226
C0015702,D005236
C0015704,D005148
C0015814,D005271
C0015923,D063647
C0015929,D005315
C0015930,D005316
C0015934,D005317
C0015951,D005327
C0015967,D005334
C0016037,D009221
C0016045,D005350
C0016048,D005350
C0016057,D005354
C0016059,D005355
C0016064,D005358
C0016065,D005359
C0016202,D005413
C0016325,D005458
C0016382,D005483
C0016395,D005489
C0016412,D005494
C0016427,D005497
C0016470,D005512
C0016479,D005517
C0016506,D005530
C0016508,D005532
C0016579,D010292
C0016667,D005600
C0016689,D008548
C0016719,D005621
C0016722,D020018
C0016751,D005633
C0016756,D015319
C0016781,D005642
C0016788,D005645
C0016952,D005693
C0016978,D005706
C0016995,D005715
C0017097,D005736
C0017145,D004932
C0017150,D015408
C0017154,D005757
C0017160,D005759
C0017162,D005761
C0017168,D005764
C0017178,D005767
C0017181,D006471
C0017185,D005770
C0017205,D005776
C0017332,D004829
C0017412,D005832
C0017416,D005833
C0017495,D016098
C0017531,D005871
C0017551,D005878
C0017566,D005885
C0017567,D005886
C0017601,D005901
C0017605,D015812
C0017612,D005902
C0017614,D009798
C0017636,D005909
C0017638,D005910
C0017639,D005911
C0017658,D005921
C0017661,D005922
C0017662,D015432
C0017665,D015433
C0017668,D005923
C0017689,D005935
C0017919,D006008
C0017920,D005953
C0017921,D006009
C0017922,D006010
C0017923,D006011
C0017924,D006012
C0017925,D006013
C0017926,D006014
C0018021,D006042
C0018036,D006978
C0018051,D006059
C0018054,D006061
C0018055,D006060
C0018099,D006073
C0018128,D006083
C0018133,D006086
C0018179,D003317
C0018193,D015745
C0018199,D006104
C0018200,D015769
C0018203,D006105
C0018206,D006106
C0018213,D006111
C0018245,D003317
C0018273,D006130
C0018378,D020275
C0018413,D018312
C0018418,D006177
C0018425,D015799
C0018500,D006201
C0018520,D006209
C0018522,D006210
C0018523,D006211
C0018524,D006212
C0018552,D006222
C0018553,D006223
C0018564,D006226
C0018566,D006228
C0018598,D008546
C0018609,D006250
C0018614,D002189
C0018621,D006255
C0018671,D006258
C0018672,D019956
C0018675,D006258
C0018681,D006261
C0018777,D006314
C0018781,D006317
C0018784,D006319
C0018790,D006323
C0018794,D006327
C0018798,D006330
C0018799,D006331
C0018800,D006332
C0018801,D006333
C0018802,D006333
C0018814,D006342
C0018816,D006343
C0018817,D006344
C0018818,D006345
C0018824,D006349
C0018834,D006356
C0018916,D006391
C0018922,D006393
C0018923,D006394
C0018932,D006471
C0018939,D006402
C0018944,D006406
C0018946,D006408
C0018965,D006417
C0018975,D014786
C0018984,D008881
C0018989,D010291
C0018991,D006429
C0018995,D006432
C0019021,D006445
C0019025,D017086
C0019045,D006453
C0019050,D006457
C0019054,D006461
C0019061,D006463
C0019064,D010490
C0019068,D051359
C0019069,D006467
C0019080,D006470
C0019087,D006474
C0019100,D019595
C0019112,D006484
C0019147,D006501
C0019151,D006501
C0019154,D006502
C0019156,D006504
C0019158,D006505
C0019163,D006509
C0019187,D006519
C0019188,D006520
C0019189,D006521
C0019193,D056486
C0019196,D006526
C0019202,D006527
C0019207,D008114
C0019208,D008114
C0019209,D006529
C0019212,D006530
C0019243,D054179
C0019269,D012734
C0019284,D006548
C0019294,D006552
C0019295,D006552
C0019296,D006552
C0019337,D006556
C0019348,D006561
C0019372,D006566
C0019385,D020803
C0019489,D015319
C0019562,D006623
C0019569,D006627
C0019572,D006628
C0019618,D015614
C0019621,D006646
C0019693,D015658
C0019699,D006679
C0019816,D015417
C0019829,D006689
C0019880,D006712
C0020071,D009477
C0020072,D009477
C0020074,D009477
C0020075,D009477
C0020179,D006816
C0020192,D006819
C0020217,D006828
C0020224,D006831
C0020225,D006832
C0020255,D006849
C0020256,D006849
C0020258,D006850
C0020295,D006869
C0020302,D006871
C0020305,D015160
C0020428,D006929
C0020429,D006930
C0020433,D006932
C0020437,D006934
C0020438,D053565
C0020440,D006935
C0020443,D006937
C0020445,D006938
C0020452,D006940
C0020453,D006941
C0020455,D006942
C0020456,D006943
C0020459,D006946
C0020461,D006947
C0020473,D006949
C0020474,D006950
C0020476,D006951
C0020479,D006952
C0020480,D006953
C0020481,D006954
C0020488,D006955
C0020492,D015576
C0020497,D006958
C0020500,D006959
C0020501,D006960
C0020502,D006961
C0020503,D006962
C0020505,D006963
C0020507,D006965
C0020514,D006966
C0020517,D006967
C0020522,D006968
C0020523,D006969
C0020529,D012891
C0020532,D006971
C0020534,D006972
C0020538,D006973
C0020540,D006974
C0020541,D006975
C0020542,D006976
C0020544,D006977
C0020545,D006978
C0020550,D006980
C0020551,D006981
C0020555,D006983
C0020557,D015228
C0020564,D006984
C0020578,D006985
C0020594,D020018
C0020595,D006994
C0020598,D006996
C0020608,D000848
C0020615,D007003
C0020619,D007006
C0020621,D007008
C0020623,D007009
C0020625,D007010
C0020626,D007011
C0020630,D007014
C0020635,D007018
C0020649,D007022
C0020651,D007024
C0020672,D007035
C0020676,D007037
C0020678,D007039
C0020683,D012769
C0020725,D009081
C0020757,D007057
C0020758,D017490
C0020796,D008607
C0020800,D011504
C0020877,D007079
C0020951,D007105
C0020981,D007119
C0021051,D007153
C0021053,D007154
C0021122,D007174
C0021124,D010554
C0021139,D010554
C0021141,D007177
C0021171,D007184
C0021290,D007232
C0021295,D007235
C0021308,D007238
C0021359,D007246
C0021361,D007247
C0021364,D007248
C0021367,D018270
C0021368,D007249
C0021390,D015212
C0021400,D007251
C0021603,D007319
C0021655,D007333
C0021670,D007340
C0021712,D009207
C0021776,D007174
C0021818,D007405
C0021831,D007410
C0021841,D007414
C0021843,D007415
C0021845,D007416
C0021846,D007417
C0021847,D007418
C0022104,D043183
C0022107,D007508
C0022116,D007511
C0022283,D010859
C0022333,D012640
C0022336,D007562
C0022340,D009472
C0022350,D007566
C0022353,D007567
C0022354,D041781
C0022360,D007569
C0022387,D029593
C0022408,D007592
C0022410,D007593
C0022492,D019965
C0022521,D007619
C0022541,D007625
C0022548,D007627
C0022568,D007634
C0022578,D007640
C0022584,D015776
C0022593,D007642
C0022594,D007642
C0022595,D007644
C0022603,D017492
C0022610,D007647
C0022650,D007669
C0022658,D007674
C0022660,D058186
C0022661,D007676
C0022665,D007680
C0022672,D007683
C0022679,D052177
C0022680,D007690
C0022682,D010020
C0022716,D007706
C0022738,D007714
C0022739,D007715
C0022783,D007724
C0022797,D009472
C0022802,D007729
C0022821,D007738
C0022876,D007752
C0022904,D007766
C0022906,D007767
C0022972,D015624
C0023003,D015826
C0023012,D007805
C0023014,D007805
C0023015,D007806
C0023055,D007822
C0023092,D007835
C0023138,D007849
C0023176,D007855
C0023186,D007859
C0023195,D007863
C0023212,D006333
C0023213,D000092242
C0023241,D007877
C0023264,D007888
C0023267,D007889
C0023269,D007890
C0023281,D007896
C0023283,D016773
C0023290,D007898
C0023308,D007905
C0023343,D007918
C0023374,D007926
C0023380,D053609
C0023418,D007938
C0023434,D015451
C0023437,D015471
C0023440,D004915
C0023443,D007943
C0023448,D007945
C0023452,D054198
C0023453,D054198
C0023461,D007946
C0023462,D007947
C0023465,D007948
C0023466,D007951
C0023467,D015470
C0023470,D007951
C0023472,D015465
C0023479,D015479
C0023480,D015477
C0023481,D015467
C0023485,D015452
C0023487,D015473
C0023492,D015458
C0023493,D015459
C0023494,D015461
C0023510,D007960
C0023518,D007964
C0023521,D007965
C0023522,D007966
C0023530,D007970
C0023531,D007971
C0023532,D007972
C0023601,D007984
C0023743,D008039
C0023772,D008052
C0023786,D008059
C0023787,D008060
C0023794,D008064
C0023795,D008065
C0023798,D008067
C0023801,D008068
C0023804,D008069
C0023806,D009081
C0023817,D008072
C0023827,D008080
C0023860,D008088
C0023869,D020347
C0023882,D002547
C0023890,D008103
C0023891,D008104
C0023892,D008105
C0023893,D008106
C0023895,D008107
C0023896,D008108
C0023897,D008109
C0023903,D008113
C0023904,D008114
C0023931,D010013
C0023944,D000080422
C0023976,D008133
C0024031,D017116
C0024115,D008171
C0024117,D029424
C0024121,D008175
C0024131,D008177
C0024138,D008179
C0024141,D008180
C0024143,D008181
C0024232,D008207
C0024236,D008209
C0024291,D051359
C0024299,D008223
C0024301,D008224
C0024302,D008228
C0024304,D008228
C0024305,D008228
C0024306,D008228
C0024312,D008231
C0024314,D008232
C0024408,D017827
C0024419,D008258
C0024433,D008265
C0024439,D003317
C0024440,D008269
C0024454,D004687
C0024473,D008275
C0024507,D012779
C0024523,D008286
C0024530,D008288
C0024535,D016778
C0024586,D008303
C0024591,D008305
C0024623,D013274
C0024667,D015674
C0024668,D008325
C0024689,D008336
C0024694,D008339
C0024713,D001714
C0024748,D008363
C0024776,D008375
C0024790,D006457
C0024796,D008382
C0024799,D010437
C0024809,D002189
C0024814,D013132
C0024894,D008413
C0024899,D008415
C0024950,D008439
C0024954,D008441
C0025007,D008457
C0025063,D008479
C0025149,D008527
C0025160,D008531
C0025164,D004931
C0025193,D003866
C0025202,D008545
C0025205,D008546
C0025209,D008548
C0025218,D008548
C0025221,D007645
C0025229,D008554
C0025237,D010009
C0025239,D008557
C0025261,D008569
C0025267,D018761
C0025268,D018813
C0025269,D018814
C0025281,D008575
C0025286,D008579
C0025287,D008580
C0025289,D008581
C0025290,D008582
C0025294,D008585
C0025303,D008589
C0025309,D008590
C0025312,D008591
C0025322,D008594
C0025363,D008607
C0025427,D008630
C0025472,D008641
C0025500,D008654
C0025517,D008659
C0025521,D008661
C0025568,D008679
C0025637,D008708
C0025945,D003925
C0025958,D008831
C0025990,D008844
C0026010,D008850
C0026141,D006934
C0026205,D015877
C0026266,D008944
C0026267,D008945
C0026363,D009958
C0026552,D009021
C0026613,D019957
C0026633,D009056
C0026636,D009059
C0026640,D009062
C0026650,D009069
C0026654,D009072
C0026691,D009080
C0026697,D009081
C0026705,D016532
C0026706,D009084
C0026707,D009085
C0026708,D008059
C0026709,D009087
C0026760,D010009
C0026764,D009101
C0026766,D009102
C0026769,D009103
C0026825,D009123
C0026826,D009122
C0026827,D009123
C0026837,D009127
C0026838,D009128
C0026846,D009133
C0026847,D009134
C0026848,D009135
C0026850,D009136
C0026851,D009137
C0026858,D059352
C0026896,D009157
C0026918,D009164
C0026919,D009165
C0026936,D009175
C0026948,D009182
C0026998,D015470
C0027022,D009196
C0027051,D009203
C0027055,D015428
C0027059,D009205
C0027066,D009207
C0027080,D009212
C0027092,D009216
C0027121,D009220
C0027122,D009221
C0027126,D009223
C0027127,D009224
C0027149,D009232
C0027339,D009260
C0027341,D009261
C0027404,D009290
C0027412,D009293
C0027429,D015508
C0027430,D009298
C0027439,D009303
C0027497,D009325
C0027533,D006258
C0027540,D009336
C0027543,D010020
C0027626,D009361
C0027627,D009362
C0027643,D009364
C0027645,D009366
C0027651,D009369
C0027654,D009373
C0027658,D009373
C0027659,D009374
C0027660,D009375
C0027661,D009376
C0027662,D009377
C0027666,D009381
C0027686,D009389
C0027697,D009393
C0027706,D009394
C0027707,D009395
C0027708,D009396
C0027709,D009397
C0027719,D009400
C0027720,D009401
C0027721,D009402
C0027726,D009404
C0027746,D009410
C0027765,D009422
C0027794,D009436
C0027796,D009437
C0027806,D009436
C0027809,D009442
C0027819,D009447
C0027821,D009449
C0027830,D009455
C0027831,D009456
C0027832,D016518
C0027854,D009461
C0027859,D009464
C0027868,D009468
C0027873,D009471
C0027877,D009472
C0027888,D015417
C0027889,D009477
C0027947,D009503
C0027960,D009506
C0027962,D009508
C0028043,D014029
C0028064,D009542
C0028077,D009755
C0028313,D019965
C0028326,D009634
C0028433,D009669
C0028738,D009759
C0028754,D009765
C0028756,D009767
C0028768,D009771
C0028796,D009783
C0028797,D009784
C0028838,D006261
C0028840,D009798
C0028860,D009800
C0028945,D009837
C0028949,D009839
C0028960,D009845
C0028961,D009846
C0029089,D009886
C0029095,D009293
C0029106,D009889
C0029118,D009894
C0029121,D000096865
C0029124,D009896
C0029132,D009901
C0029134,D009902
C0029172,D009914
C0029226,D006212
C0029227,D019965
C0029230,D019965
C0029231,D019966
C0029261,D020018
C0029294,D009958
C0029295,D009959
C0029342,D009976
C0029396,D009999
C0029401,D010001
C0029408,D010003
C0029410,D015207
C0029411,D010004
C0029422,D010009
C0029423,D015831
C0029434,D010013
C0029445,D010020
C0029453,D001851
C0029454,D010022
C0029455,D010023
C0029456,D010024
C0029458,D015663
C0029459,D010024
C0029463,D012516
C0029464,D010026
C0029882,D010033
C0029883,D010034
C0029927,D010048
C0029928,D010049
C0029944,D062787
C0030044,D003398
C0030167,D008581
C0030193,D010146
C0030200,D010148
C0030201,D010149
C0030214,D009207
C0030246,D011565
C0030286,D010182
C0030297,D010190
C0030305,D010195
C0030312,D010198
C0030319,D016584
C0030328,D010201
C0030354,D010212
C0030360,D010214
C0030421,D010235
C0030437,D010267
C0030442,D010244
C0030443,D010245
C0030446,D007418
C0030472,D010257
C0030486,D010264
C0030491,D010267
C0030521,D010282
C0030524,D010283
C0030552,D010291
C0030554,D010292
C0030567,D010300
C0030569,D010302
C0030625,D010323
C0030662,D005715
C0030779,D010381
C0030781,D010382
C0030804,D010390
C0030805,D010391
C0030807,D010392
C0030809,D010392
C0030846,D010409
C0030848,D010411
C0030849,D010412
C0030920,D010437
C0030922,D010438
C0031030,D010485
C0031036,D010488
C0031039,D010490
C0031046,D010493
C0031051,D010518
C0031069,D010505
C0031090,D010510
C0031099,D010518
C0031106,D010520
C0031149,D010534
C0031154,D010538
C0031190,D010547
C0031192,D006344
C0031212,D010554
C0031269,D010580
C0031306,D010585
C0031347,D010610
C0031391,D010623
C0031485,D010661
C0031511,D010673
C0031557,D002481
C0031900,D010855
C0031911,D010858
C0032000,D010911
C0032001,D010899
C0032002,D010900
C0032019,D010911
C0032027,D010916
C0032045,D010922
C0032197,D010981
C0032226,D010995
C0032227,D010996
C0032229,D010997
C0032230,D012135
C0032231,D010998
C0032269,D011008
C0032273,D011009
C0032285,D011014
C0032290,D011015
C0032300,D011014
C0032310,D011024
C0032326,D011030
C0032339,D011038
C0032371,D011051
C0032460,D011085
C0032461,D011086
C0032463,D011087
C0032578,D011123
C0032580,D011125
C0032584,D011127
C0032617,D011141
C0032768,D051474
C0032787,D011183
C0032796,D000568
C0032897,D011218
C0032914,D011225
C0032927,D011230
C0032962,D011248
C0032963,D011249
C0032987,D011271
C0033054,D011297
C0033132,D013132
C0033139,D007319
C0033141,D009202
C0033300,D011371
C0033375,D015175
C0033377,D011391
C0033575,D011469
C0033578,D011471
C0033581,D011472
C0033626,D011488
C0033680,D011504
C0033687,D011507
C0033770,D011535
C0033774,D011537
C0033788,D009081
C0033804,D012734
C0033805,D011546
C0033806,D011547
C0033817,D011552
C0033835,D011556
C0033847,D011561
C0033860,D011565
C0033922,D011596
C0033937,D011605
C0033941,D011605
C0033943,D019965
C0033953,D020018
C0033958,D011618
C0033975,D011618
C0034012,D011628
C0034013,D011629
C0034040,D011644
C0034050,D011649
C0034063,D011654
C0034065,D011655
C0034067,D011656
C0034068,D011657
C0034069,D011658
C0034091,D011668
C0034139,D011686
C0034152,D011695
C0034155,D011697
C0034186,D011704
C0034189,D018805
C0034219,D010510
C0034341,D015324
C0034345,D015325
C0034350,D015323
C0034362,D011778
C0034372,D011782
C0034535,D011832
C0034642,D012135
C0034734,D011928
C0034735,D011928
C0034885,D012004
C0034933,D012021
C0034951,D012030
C0034960,D012035
C0035021,D012061
C0035078,D051437
C0035126,D015427
C0035204,D012120
C0035220,D012127
C0035222,D012128
C0035228,D012130
C0035229,D012131
C0035234,D012135
C0035235,D018357
C0035238,D015619
C0035242,D012140
C0035243,D012141
C0035258,D012148
C0035304,D012162
C0035305,D012163
C0035309,D012164
C0035313,D015792
C0035320,D015861
C0035328,D012170
C0035333,D012173
C0035334,D012174
C0035335,D012175
C0035344,D012178
C0035353,D063173
C0035372,D015518
C0035410,D012206
C0035411,D012207
C0035412,D012208
C0035455,D012220
C0035457,D012221
C0035508,D012135
C0035528,D012257
C0035579,D012279
C0035585,D012282
C0035619,D000092243
C0035934,D012415
C0036069,D012779
C0036095,D012468
C0036118,D012481
C0036161,D012497
C0036202,D012507
C0036214,D012513
C0036216,D012513
C0036219,D012513
C0036220,D012514
C0036305,D010859
C0036323,D012552
C0036330,D012555
C0036337,D011618
C0036341,D012559
C0036344,D012560
C0036346,D012561
C0036349,D012563
C0036358,D011618
C0036391,D010009
C0036420,D012594
C0036421,D012595
C0036429,D012598
C0036439,D012600
C0036457,D012608
C0036489,D012618
C0036503,D012626
C0036529,D009202
C0036572,D012640
C0036631,D018239
C0036659,D012678
C0036690,D018805
C0036769,D012707
C0036830,D012713
C0036875,D012734
C0036902,D020018
C0036920,D012751
C0036939,D012753
C0036974,D012769
C0036980,D012770
C0036981,D012772
C0036982,D012771
C0036983,D012772
C0036996,D012779
C0037019,D012791
C0037036,D012798
C0037050,D018877
C0037052,D012804
C0037116,D012829
C0037140,D006566
C0037188,D012848
C0037198,D012851
C0037199,D012852
C0037221,D012857
C0037231,D016111
C0037268,D012868
C0037274,D012871
C0037286,D012878
C0037299,D012883
C0037315,D012891
C0037316,D012892
C0037383,D012912
C0037579,D012983
C0037650,D013001
C0037763,D013035
C0037768,D013746
C0037769,D013036
C0037771,D020336
C0037772,D010264
C0037773,D015419
C0037822,D013064
C0037889,D013103
C0037917,D016137
C0037926,D013117
C0037928,D013118
C0037932,D013121
C0037952,D013132
C0037997,D013158
C0037999,D013160
C0038002,D013163
C0038013,D013167
C0038015,D010009
C0038131,D013342
C0038160,D013203
C0038187,D013217
C0038219,D016135
C0038220,D013226
C0038271,D013239
C0038273,D019956
C0038279,D007247
C0038325,D013262
C0038354,D013272
C0038356,D013274
C0038358,D013276
C0038362,D013280
C0038368,D009057
C0038433,D003921
C0038441,D040921
C0038450,D012135
C0038454,D020521
C0038457,D003317
C0038505,D013341
C0038506,D013342
C0038525,D013345
C0038580,D019966
C0038586,D019966
C0038587,D013375
C0038644,D013398
C0038833,D013479
C0038834,D013479
C0038868,D013494
C0038870,D009437
C0038874,D015173
C0038987,D013544
C0039070,D013575
C0039075,D013576
C0039101,D013584
C0039103,D013585
C0039231,D013610
C0039239,D013616
C0039240,D013617
C0039263,D013625
C0039292,D013631
C0039338,D013651
C0039373,D013661
C0039445,D013683
C0039446,D013684
C0039483,D013700
C0039494,D013705
C0039538,D013724
C0039584,D013733
C0039585,D013734
C0039590,D013736
C0039621,D013746
C0039685,D013771
C0039743,D013796
C0039841,D013832
C0039978,D013896
C0039981,D013899
C0040015,D013915
C0040028,D013920
C0040034,D013921
C0040038,D013923
C0040053,D013927
C0040100,D013945
C0040128,D013959
C0040136,D013964
C0040156,D013971
C0040188,D013981
C0040264,D014012
C0040332,D014029
C0040411,D014062
C0040427,D014071
C0040435,D014076
C0040460,D014098
C0040479,D016171
C0040485,D014103
C0040517,D005879
C0040588,D014138
C0040702,D013981
C0040715,D014178
C0040761,D014188
C0040822,D014202
C0040827,D014202
C0040953,D014256
C0040954,D014257
C0040997,D014277
C0041105,D014313
C0041107,D014314
C0041207,D014339
C0041227,D014352
C0041296,D014376
C0041307,D014380
C0041327,D014397
C0041341,D014402
C0041349,D009395
C0041408,D014424
C0041409,D009634
C0041466,D014435
C0041582,D014456
C0041657,D014474
C0041667,D013851
C0041671,D001289
C0041696,D003866
C0041755,D064420
C0041834,D004890
C0041912,D012141
C0041948,D014511
C0041955,D014516
C0041956,D014517
C0042029,D014552
C0042035,D014555
C0042063,D014564
C0042065,D014565
C0042076,D014571
C0042109,D014581
C0042131,D014591
C0042133,D007889
C0042138,D014594
C0042164,D014605
C0042170,D014607
C0042237,D014625
C0042258,D014625
C0042345,D014648
C0042373,D014652
C0042384,D014657
C0042386,D011695
C0042484,D006940
C0042487,D020246
C0042510,D014693
C0042512,D014694
C0042514,D017180
C0042580,D014718
C0042594,D015837
C0042656,D009437
C0042749,D014766
C0042769,D014777
C0042781,D007418
C0042790,D014786
C0042842,D014802
C0042847,D014806
C0042870,D014808
C0042875,D014811
C0042900,D014820
C0042963,D014839
C0043019,D014854
C0043020,D014855
C0043049,D014869
C0043094,D015430
C0043116,D015417
C0043119,D014898
C0043121,D014899
C0043124,D014901
C0043144,D012135
C0043194,D014923
C0043202,D014927
C0043207,D014929
C0043208,D015223
C0043325,D014973
C0043345,D007057
C0043346,D014983
C0043459,D015211
C0078917,D016117
C0078918,D016115
C0078921,D016115
C0078922,D016115
C0078923,D016115
C0078982,D016142
C0079102,D020767
C0079136,D016108
C0079153,D017488
C0079154,D017490
C0079218,D018222
C0079221,D003643
C0079294,D016108
C0079295,D016110
C0079297,D016109
C0079298,D016110
C0079299,D016110
C0079301,D016109
C0079474,D016108
C0079487,D016481
C0079504,D022861
C0079541,D016142
C0079583,D016113
C0079584,D016112
C0079588,D016114
C0079661,D014849
C0079683,D016109
C0079731,D016393
C0079740,D008228
C0079741,D008228
C0079744,D016403
C0079745,D008224
C0079747,D008228
C0079757,D008228
C0079758,D008224
C0079765,D008224
C0079770,D008228
C0079772,D016399
C0079773,D016410
C0079774,D016411
C0080024,D016116
C0080178,D016135
C0080203,D013610
C0080218,D009436
C0080274,D016055
C0080333,D016110
C0085077,D016463
C0085083,D016471
C0085084,D016472
C0085090,D016483
C0085096,D016491
C0085106,D016506
C0085109,D016510
C0085110,D016511
C0085128,D016534
C0085129,D016535
C0085131,D016537
C0085132,D016538
C0085136,D016543
C0085159,D016574
C0085179,D016603
C0085183,D016609
C0085207,D016640
C0085215,D016649
C0085220,D016657
C0085261,D016715
C0085269,D016726
C0085278,D016736
C0085280,D016738
C0085292,D016750
C0085298,D016757
C0085307,D016769
C0085390,D016864
C0085396,D016870
C0085397,D016871
C0085409,D016884
C0085413,D016891
C0085417,D017029
C0085423,D016905
C0085426,D016908
C0085541,D017034
C0085547,D017042
C0085548,D017044
C0085568,D054312
C0085578,D017086
C0085580,D000075222
C0085582,D009902
C0085584,D001927
C0085593,D023341
C0085602,D059606
C0085605,D017093
C0085622,D006429
C0085628,D053608
C0085636,D020795
C0085650,D055665
C0085652,D017511
C0085655,D017285
C0085681,D054559
C0085682,D017674
C0085700,D002357
C0085740,D011015
C0085758,D006627
C0085762,D000437
C0085786,D000080203
C0085859,D016884
C0085860,D016884
C0085920,D020968
C0085996,D002658
C0085997,D002658
C0086132,D003863
C0086133,D003866
C0086189,D013375
C0086196,D003876
C0086236,D004829
C0086237,D004827
C0086240,D004828
C0086241,D004829
C0086367,D016649
C0086395,D003638
C0086404,D008114
C0086405,D009477
C0086431,D008059
C0086432,D005923
C0086438,D000361
C0086439,D018476
C0086445,D015433
C0086457,D009783
C0086501,D007642
C0086533,D018230
C0086540,D016773
C0086541,D016773
C0086543,D002386
C0086565,D008107
C0086626,D020262
C0086647,D009084
C0086648,D009084
C0086649,D009084
C0086650,D009084
C0086651,D009085
C0086652,D009085
C0086664,D008591
C0086666,D000789
C0086692,D009369
C0086696,D016609
C0086743,D010003
C0086768,D003969
C0086769,D016584
C0086774,D006457
C0086795,D008059
C0086873,D000505
C0086922,D011695
C0086981,D012859
C0087012,D020754
C0087031,D001171
C0087086,D013927
C0087169,D013375
C0149504,D020258
C0149519,D006521
C0149521,D050500
C0149622,D001750
C0149630,D000082882
C0149649,D017700
C0149721,D017379
C0149745,D019226
C0149781,D011030
C0149840,D014202
C0149871,D020246
C0149886,D003294
C0149925,D055752
C0149931,D008881
C0149940,D020426
C0149958,D012640
C0150055,D059350
C0150080,D000067404
C0151491,D009139
C0151516,D050033
C0151526,D047928
C0151564,D009127
C0151572,D012021
C0151603,D004487
C0151636,D018879
C0151699,D020300
C0151740,D019586
C0151744,D017202
C0151779,D000096142
C0151786,D018908
C0151827,D058447
C0151857,D007964
C0151888,D012021
C0151889,D012021
C0151911,D013035
C0152013,D000077192
C0152020,D018589
C0152025,D011115
C0152027,D012678
C0152101,D018636
C0152109,D014897
C0152112,D009901
C0152113,D002819
C0152115,D020820
C0152116,D014103
C0152136,D057066
C0152200,D003117
C0152227,D007766
C0152234,D009436
C0152237,D005413
C0152266,D006689
C0152267,D006689
C0152423,D065817
C0152426,D009436
C0152427,D017689
C0152439,D041441
C0153349,D014062
C0153381,D009062
C0153392,D009303
C0153405,D010610
C0153437,D002430
C0153452,D005706
C0153470,D013160
C0153504,D008479
C0153567,D014594
C0153594,D013736
C0153601,D010412
C0153619,D014516
C0153633,D001932
C0154251,D052439
C0154659,D020258
C0154681,D016472
C0154682,D016472
C0154693,D006429
C0154694,D006429
C0154695,D002547
C0154697,D002547
C0154698,D002547
C0154748,D020426
C0154832,D058456
C0154874,D012173
C0155003,D001766
C0155015,D003117
C0155016,D003117
C0155017,D003117
C0155018,D003117
C0155127,D028227
C0155305,D018917
C0155380,D009759
C0155533,D014012
C0155534,D014012
C0155536,D006311
C0155862,D011018
C0156147,D003424
C0157743,D000094482
C0158266,D055959
C0158353,D009220
C0158570,D054079
C0158850,D048070
C0162283,D018500
C0162292,D009886
C0162296,D018771
C0162309,D000326
C0162311,D000505
C0162316,D018798
C0162323,D001168
C0162351,D003877
C0162359,D053358
C0162361,D004476
C0162429,D044342
C0162442,D010267
C0162510,D016767
C0162526,D017088
C0162531,D046349
C0162532,D046350
C0162533,D017094
C0162534,D017096
C0162538,D017098
C0162539,D017099
C0162557,D017114
C0162565,D017118
C0162566,D017119
C0162568,D046351
C0162569,D017121
C0162635,D017204
C0162666,D017237
C0162668,D017240
C0162669,D017240
C0162670,D017240
C0162671,D017241
C0162672,D017243
C0162674,D017246
C0162677,D017250
C0162678,D017253
C0162699,D017282
C0162700,D017282
C0162739,D017359
C0162770,D017380
C0162809,D017436
C0162819,D017445
C0162820,D017449
C0162823,D017453
C0162824,D017454
C0162834,D017495
C0162835,D017496
C0162836,D017497
C0162839,D017499
C0162848,D017512
C0162871,D017544
C0162872,D017545
C0175683,D020159
C0175693,D056730
C0175694,D019082
C0175695,D058495
C0175699,D000168
C0175702,D018980
C0175704,D044542
C0175707,D059446
C0175709,D020914
C0175754,D061085
C0175816,D000744
C0178416,D000741
C0178417,D059445
C0178540,D020925
C0178824,D006940
C0205641,D000230
C0205642,D000230
C0205643,D000230
C0205644,D000230
C0205645,D000230
C0205646,D000236
C0205647,D000236
C0205648,D000236
C0205649,D000236
C0205650,D000236
C0205651,D000236
C0205671,D001117
C0205696,D002277
C0205697,D002277
C0205698,D002277
C0205699,D002277
C0205710,D002549
C0205711,D020371
C0205713,D002607
C0205730,D003811
C0205734,D003922
C0205766,D005350
C0205768,D001254
C0205769,D004806
C0205770,D020288
C0205788,D006391
C0205789,D006391
C0205815,D007890
C0205816,D007890
C0205822,D008067
C0205823,D008067
C0205824,D008080
C0205825,D008080
C0205833,D008527
C0205834,D008579
C0205851,D009373
C0205852,D009373
C0205854,D009375
C0205874,D010212
C0205875,D010212
C0205944,D012509
C0205945,D012509
C0205969,D013945
C0206019,D015526
C0206042,D034062
C0206044,D017250
C0206061,D017563
C0206062,D017563
C0206064,D017566
C0206081,D017588
C0206085,D017593
C0206093,D017599
C0206115,D017624
C0206138,D017675
C0206141,D017681
C0206142,D017681
C0206143,D017681
C0206145,D017682
C0206146,D017682
C0206157,D017696
C0206160,D045262
C0206180,D017728
C0206182,D017731
C0206245,D028227
C0206307,D017825
C0206368,D017889
C0206608,D018177
C0206617,D018188
C0206620,D018191
C0206624,D018197
C0206627,D018200
C0206630,D018203
C0206632,D018206
C0206634,D018208
C0206637,D018211
C0206638,D018212
C0206639,D018213
C0206644,D018219
C0206646,D018221
C0206647,D018223
C0206648,D018224
C0206650,D018226
C0206651,D018227
C0206655,D018232
C0206656,D018233
C0206657,D018234
C0206658,D018235
C0206663,D018242
C0206667,D018246
C0206669,D018248
C0206677,D018256
C0206681,D018262
C0206682,D018263
C0206686,D018268
C0206687,D018269
C0206692,D018275
C0206693,D018276
C0206694,D018277
C0206695,D018278
C0206698,D018281
C0206704,D018287
C0206711,D018296
C0206720,D018307
C0206723,D018310
C0206724,D018312
C0206726,D018316
C0206727,D018317
C0206728,D018318
C0206729,D018319
C0206732,D018323
C0206733,D018324
C0206734,D018325
C0206735,D018328
C0206739,D018332
C0206743,D018335
C0206744,D018344
C0206754,D018358
C0206762,D017880
C0206769,D018326
C0220597,D006689
C0220633,D000098943
C0220636,D012468
C0220658,D000168
C0220669,D020936
C0220704,D004062
C0220754,D028921
C0220756,D052556
C0220761,D000080534
C0220981,D000138
C0220991,D006933
C0220994,D022124
C0221013,D034721
C0221021,D000743
C0221032,D052497
C0221043,D056929
C0221054,D049310
C0221055,D020967
C0221056,D003882
C0221060,D020331
C0221074,D019052
C0221163,D000068079
C0221169,D020820
C0221227,D011656
C0221263,D019080
C0221355,D058627
C0221356,D003398
C0221357,D059327
C0221406,D047748
C0221473,D001766
C0221757,D019896
C0221759,D020968
C0231341,D019588
C0231519,D009127
C0231686,D020233
C0231687,D020233
C0231688,D020233
C0231689,D020233
C0231691,D020234
C0231693,D020233
C0231694,D020233
C0231695,D020233
C0231696,D020233
C0231698,D020233
C0231712,D020233
C0232347,D054318
C0232766,D020820
C0232910,D064793
C0233565,D018476
C0233608,D009127
C0233612,D002375
C0233726,D013064
C0233750,D000647
C0233754,D003861
C0233759,D006212
C0233762,D006212
C0233763,D006212
C0233765,D006212
C0233766,D006212
C0233767,D006212
C0233769,D014786
C0233771,D014786
C0233773,D006212
C0233774,D006212
C0233775,D006212
C0233776,D006212
C0233794,D008569
C0233796,D000647
C0234146,D012021
C0234162,D002524
C0234166,D000071017
C0234230,D010146
C0234238,D010146
C0234247,D009437
C0234249,D009437
C0234254,D010146
C0234297,D013651
C0234298,D013651
C0234299,D013651
C0234300,D013651
C0234302,D013651
C0234303,D013651
C0234304,D013651
C0234305,D013651
C0234306,D013651
C0234319,D013651
C0234357,D002524
C0234370,D014202
C0234371,D014202
C0234372,D014202
C0234373,D014202
C0234374,D014202
C0234375,D014202
C0234376,D014202
C0234377,D014202
C0234378,D014202
C0234379,D014202
C0234381,D014202
C0234447,D053608
C0234462,D001037
C0234469,D001037
C0234472,D001037
C0234474,D001037
C0234476,D001037
C0234482,D001037
C0234484,D001037
C0234526,D001072
C0234527,D001072
C0234529,D001072
C0234533,D012640
C0234535,D012640
C0234544,D010243
C0234784,D012021
C0234974,D004828
C0234985,D060825
C0234996,D020233
C0235000,D020233
C0235031,D009461
C0235032,D020258
C0235044,D010292
C0235063,D012131
C0235078,D014202
C0235081,D014202
C0235082,D014202
C0235083,D014202
C0235153,D006212
C0235229,D013035
C0235480,D001281
C0235527,D006333
C0235574,D006461
C0235752,D019339
C0235833,D065630
C0235843,D014202
C0235874,D018450
C0235974,D010190
C0236018,D004827
C0236642,D020774
C0236664,D019973
C0236733,D019969
C0236735,D002189
C0236736,D019970
C0236742,D010623
C0236788,D001714
C0236792,D020817
C0236795,D000647
C0236804,D019969
C0236807,D019969
C0236811,D021081
C0236964,D019958
C0236969,D019966
C0236970,D020751
C0237326,D003248
C0237873,D012735
C0238033,D018567
C0238052,D019294
C0238056,D002819
C0238065,D008105
C0238111,D065768
C0238190,D018979
C0238198,D046152
C0238281,D020244
C0238286,D009081
C0238288,D020391
C0238357,D020513
C0238358,D020514
C0238394,D058489
C0238395,D058490
C0238402,D058631
C0238461,D065646
C0238463,D000077273
C0239325,D009127
C0239548,D005207
C0239777,D003117
C0239849,D017490
C0239946,D008103
C0239981,D034141
C0239998,D000084063
C0240302,D014313
C0240327,D013651
C0240595,D009759
C0240912,D005413
C0240952,D004401
C0240991,D001259
C0241210,D007805
C0241772,D012021
C0241832,D002561
C0241910,D019693
C0242013,D020426
C0242036,D010264
C0242184,D000860
C0242216,D042882
C0242217,D002805
C0242225,D003117
C0242231,D023921
C0242287,D020386
C0242292,D005359
C0242339,D050171
C0242341,D050035
C0242342,D007018
C0242350,D007172
C0242363,D007516
C0242379,D008175
C0242380,D008180
C0242383,D008268
C0242387,D008342
C0242422,D020734
C0242423,D020734
C0242426,D010490
C0242459,D011657
C0242461,D011695
C0242488,D055371
C0242497,D012555
C0242526,D014424
C0242528,D053099
C0242583,D016511
C0242594,D018365
C0242596,D018365
C0242597,D018370
C0242647,D018442
C0242666,D018455
C0242684,D018476
C0242698,D018487
C0242706,D018496
C0242707,D018497
C0242788,D018567
C0242852,D018630
C0242973,D018754
C0242992,D018777
C0243010,D018792
C0243026,D018805
C0243038,D018827
C0243050,D018376
C0243057,D018640
C0259771,D062685
C0259783,D005910
C0259785,D008579
C0262497,D000647
C0262584,D018288
C0262587,D010282
C0263313,D010392
C0263372,D000169
C0263409,D012594
C0263454,D054506
C0263477,D000505
C0263628,D002114
C0263666,D003882
C0263859,D020083
C0263984,D017285
C0264393,D011656
C0264423,D059366
C0264558,D011030
C0264611,D001072
C0264886,D000075224
C0264939,D056647
C0264956,D058226
C0265110,D020301
C0265219,D054221
C0265220,D054975
C0265221,D058494
C0265222,D011218
C0265233,D058497
C0265234,D019280
C0265240,D006053
C0265252,D038921
C0265313,D056846
C0265316,D020752
C0265319,D014402
C0265326,D006223
C0265329,D054000
C0265334,D053549
C0265344,D056731
C0265354,D058747
C0265357,D059446
C0265529,D059041
C0265534,D003398
C0265535,D003398
C0265541,D009421
C0265553,D013576
C0265699,D065630
C0265700,D065630
C0265961,D056266
C0265965,D019871
C0265970,D017499
C0265971,D007644
C0266215,D000071056
C0266283,D050033
C0266294,D000075529
C0266361,D050090
C0266362,D012734
C0266453,D009436
C0266463,D054082
C0266464,D065706
C0266483,D054082
C0266484,D065707
C0266487,D009069
C0266508,D016135
C0266568,D054514
C0266642,D059446
C0266929,D055113
C0266999,D054243
C0267071,D003680
C0267072,D003680
C0267211,D020252
C0267412,D065666
C0267537,D053706
C0267941,D019283
C0267963,D010188
C0268134,D049914
C0268151,D005693
C0268155,D005693
C0268221,D005645
C0268222,D005645
C0268225,D054880
C0268226,D009081
C0268237,D030401
C0268242,D052536
C0268243,D052537
C0268247,D052556
C0268248,D052537
C0268250,D005776
C0268251,D005776
C0268252,D007965
C0268255,D055577
C0268263,D052517
C0268271,D016537
C0268272,D016537
C0268273,D016537
C0268275,D049290
C0268281,D009472
C0268301,D013734
C0268338,D000094623
C0268383,D028227
C0268384,D028227
C0268385,D028227
C0268386,D028227
C0268390,D056587
C0268393,D028243
C0268419,D020642
C0268425,D056769
C0268435,D000141
C0268436,D011546
C0268443,D018500
C0268450,D053579
C0268465,D010661
C0268487,D020176
C0268490,D020176
C0268532,D056732
C0268542,D020163
C0268547,D056807
C0268548,D020162
C0268553,D020167
C0268555,D020167
C0268556,D020167
C0268561,D020158
C0268562,D020158
C0268568,D008375
C0268569,D008375
C0268579,D056693
C0268581,D028922
C0268596,D054069
C0268623,D020176
C0268742,D015432
C0268743,D015432
C0268849,D053201
C0269102,D004715
C0270192,D013345
C0270224,D013746
C0270541,D007319
C0270612,D056784
C0270715,D019636
C0270720,D006849
C0270724,D019150
C0270726,D038261
C0270730,D020267
C0270733,D020955
C0270736,D020329
C0270742,D002547
C0270749,D013132
C0270755,D013132
C0270763,D016472
C0270764,D016472
C0270765,D009134
C0270786,D015140
C0270790,D011782
C0270795,D010291
C0270807,D002547
C0270820,D004828
C0270823,D013226
C0270824,D012640
C0270844,D012640
C0270846,D012640
C0270847,D004828
C0270851,D020936
C0270853,D020190
C0270854,D004829
C0270858,D008881
C0270911,D002607
C0270912,D002607
C0270914,D002607
C0270948,D009133
C0270952,D039141
C0270959,D009224
C0270972,D003635
C0271051,D008269
C0271091,D041441
C0271093,D000080362
C0271097,D052245
C0271148,D005902
C0271178,D008269
C0271185,D014786
C0271215,D001766
C0271382,D009759
C0271383,D009759
C0271384,D009759
C0271385,D009759
C0271386,D009759
C0271387,D009759
C0271388,D009759
C0271389,D009759
C0271527,D011629
C0271568,D046150
C0271574,D004652
C0271623,D007006
C0271650,D018149
C0271673,D003929
C0271674,D003929
C0271678,D003929
C0271680,D003929
C0271683,D011115
C0271685,D003929
C0271686,D003929
C0271694,D052496
C0271695,D056731
C0271708,D007003
C0271710,D007003
C0271801,D007037
C0271933,D000742
C0271934,D000742
C0271979,D017086
C0272170,D000081003
C0272199,D051359
C0272203,D034721
C0272236,D053306
C0272242,D000081208
C0272302,D055652
C0272375,D020152
C0273115,D055370
C0274859,D020262
C0274860,D020262
C0274861,D020261
C0274862,D020261
C0274869,D000075322
C0276226,D020803
C0276357,D009976
C0276496,D000544
C0277004,D009889
C0277005,D009889
C0277820,D009128
C0277821,D009127
C0277839,D012021
C0277850,D012021
C0278076,D020323
C0278110,D006429
C0278114,D010264
C0278115,D010264
C0278161,D001259
C0278211,D012021
C0278510,D008527
C0278601,D058922
C0278875,D003397
C0278876,D008527
C0278996,D006258
C0279070,D009837
C0279530,D001859
C0279626,D000077277
C0279637,D001005
C0279702,D002292
C0280313,D000077195
C0280321,D000077195
C0280324,D000077195
C0280475,D009837
C0280783,D001254
C0280785,D001254
C0280788,D004806
C0280793,D009837
C0281508,D058405
C0281784,D008579
C0282102,D002806
C0282126,D003866
C0282160,D004476
C0282193,D019190
C0282207,D000098858
C0282220,D013661
C0282313,D011230
C0282488,D018856
C0282492,D018860
C0282507,D018882
C0282512,D018887
C0282525,D018901
C0282526,D018901
C0282527,D052919
C0282528,D018901
C0282529,D018902
C0282548,D018921
C0282550,D018923
C0282577,D018981
C0282609,D019046
C0282612,D019048
C0282631,D019066
C0282643,D019082
C0282644,D019082
C0302314,D014973
C0302319,D017499
C0302356,D000757
C0302892,D065708
C0311277,D056128
C0311334,D004829
C0311335,D013226
C0311375,D020261
C0312854,D006461
C0333099,D000783
C0333233,D006940
C0333355,D052016
C0333463,D058225
C0333641,D001284
C0333704,D019457
C0334121,D006104
C0334401,D006106
C0334454,D018223
C0334464,D018223
C0334475,D062689
C0334529,D006828
C0334578,D004806
C0334579,D001254
C0334580,D001254
C0334581,D001254
C0334582,D001254
C0334583,D001254
C0334584,D018242
C0334588,D005909
C0334590,D009837
C0334596,D018242
C0334605,D008579
C0334606,D008579
C0334607,D008579
C0334608,D008579
C0334609,D008579
C0334610,D008579
C0334611,D008579
C0337210,D020233
C0338070,D001254
C0338106,D003110
C0338451,D057180
C0338457,D001037
C0338462,D057180
C0338468,D013981
C0338473,D019150
C0338478,D004831
C0338479,D004831
C0338480,D020326
C0338489,D008881
C0338495,D012891
C0338502,D000080344
C0338503,D025962
C0338508,D029241
C0338575,D020225
C0338582,D016657
C0338586,D020217
C0338596,D002547
C0338630,D003704
C0338650,D002389
C0338656,D060825
C0338831,D000087122
C0339143,D049970
C0339277,D053559
C0339510,D057826
C0339527,D057130
C0339539,D000080345
C0339546,D012163
C0339573,D005902
C0339693,D009886
C0339730,D001766
C0340288,D060050
C0340375,D001020
C0340485,D000098850
C0340543,D065627
C0340569,D016893
C0340630,D000094624
C0340643,D000784
C0341106,D057765
C0341703,D005198
C0341869,D007247
C0341934,D046110
C0342185,D050010
C0342200,D003409
C0342257,D048909
C0342302,D003922
C0342342,D007011
C0342482,D000075262
C0342488,D043204
C0342543,D011629
C0342608,D028227
C0342649,D061205
C0342731,D054078
C0342853,D029461
C0342881,D000090542
C0342895,D007863
C0343068,D056587
C0343097,D005148
C0343115,D054705
C0343495,D014313
C0343528,D007877
C0343640,D002051
C0343641,D030361
C0343755,D019247
C0343863,D002181
C0344243,D009759
C0344452,D015175
C0344453,D015175
C0344461,D009837
C0344479,D009436
C0344724,D006344
C0345408,D010004
C0345904,D008113
C0345905,D018281
C0345967,D000086002
C0346010,D058249
C0346300,D010911
C0346302,D049912
C0346373,D000098943
C0346388,D000098943
C0346402,D000306
C0346627,D007414
C0346647,D010190
C0346990,D010534
C0347515,D008579
C0347869,D004829
C0349231,D010698
C0349255,D007319
C0349391,D001072
C0349426,D046351
C0349464,D020915
C0349578,D004714
C0349579,D004714
C0349604,D008579
C0349639,D054429
C0349702,D065306
C0349785,D014103
C0349788,D019571
C0353676,D062025
C0362030,D054000
C0376185,D006994
C0376280,D001008
C0376288,D001766
C0376297,D003643
C0376300,D019595
C0376323,D049970
C0376329,D007562
C0376338,D001523
C0376358,D011471
C0376359,D011561
C0376362,D011695
C0376384,D014029
C0376407,D016410
C0376416,D017682
C0376480,D019214
C0376524,D019280
C0376532,D019305
C0376544,D019337
C0376545,D019337
C0376618,D019446
C0376628,D019457
C0376634,D019465
C0376670,D019512
C0391826,D006223
C0391976,D013001
C0392115,D001750
C0392156,D011595
C0392164,D003550
C0392514,D006432
C0392525,D053040
C0392550,D006429
C0392622,D002252
C0392699,D010292
C0392788,D054391
C0393484,D004660
C0393519,D013132
C0393524,D013132
C0393538,D014897
C0393540,D010244
C0393541,D009134
C0393546,D009134
C0393547,D009134
C0393554,D000690
C0393560,D015140
C0393561,D015140
C0393571,D019578
C0393574,D006816
C0393576,D054546
C0393584,D002819
C0393588,D004421
C0393593,D020821
C0393598,D020821
C0393610,D004421
C0393615,D020329
C0393626,D053578
C0393664,D020529
C0393671,D017034
C0393672,D004833
C0393675,D004828
C0393676,D004828
C0393679,D004828
C0393681,D004828
C0393682,D004833
C0393683,D017034
C0393684,D017034
C0393688,D017034
C0393691,D004828
C0393693,D020936
C0393695,D004831
C0393698,D013036
C0393699,D013036
C0393702,D004831
C0393703,D004831
C0393720,D020195
C0393729,D020195
C0393734,D013226
C0393759,D007319
C0393770,D020178
C0393786,D014277
C0393787,D014277
C0393835,D003929
C0393851,D011115
C0393912,D001342
C0393953,D020520
C0394003,D002547
C0394007,D002547
C0394016,D020207
C0395959,D014012
C0398368,D044148
C0398623,D019851
C0398625,D020151
C0398648,D065227
C0398650,D016553
C0398686,D000081207
C0398689,D053307
C0398691,D054078
C0398791,D049932
C0399352,D000848
C0399380,D003784
C0400966,D065626
C0403396,D009404
C0403397,D009404
C0403447,D051436
C0403823,D053627
C0403824,D000072660
C0403825,D000072660
C0406468,D058247
C0406537,D003875
C0406702,D053360
C0406803,D000074009
C0406810,D056733
C0409818,D056587
C0409959,D020370
C0410174,D058494
C0410189,D020389
C0410190,D000083144
C0410203,D020914
C0410207,D020914
C0410226,D009223
C0410480,D005271
C0410574,D013585
C0410916,D066087
C0422837,D009461
C0422850,D012640
C0422852,D012640
C0422853,D012640
C0422854,D012640
C0422855,D012640
C0422892,D001072
C0423618,D006261
C0423623,D006261
C0423682,D017116
C0423689,D017116
C0423711,D009437
C0423712,D009437
C0424068,D006212
C0424071,D006212
C0424072,D006212
C0424082,D006212
C0424083,D006212
C0426785,D014103
C0426970,D011782
C0427055,D005158
C0427086,D020820
C0427128,D020233
C0427149,D020233
C0427169,D020233
C0427177,D020233
C0427190,D001259
C0427201,D009123
C0427202,D009123
C0428908,D012804
C0428977,D001919
C0431121,D008579
C0431128,D003397
C0431129,D003397
C0431349,D000757
C0431362,D016142
C0431363,D016142
C0431375,D054221
C0431376,D054222
C0431380,D054220
C0431391,D065705
C0431663,D003456
C0431664,D003456
C0431943,D038061
C0432267,D054463
C0432272,D010009
C0432306,D053560
C0432416,D004314
C0432417,D004314
C0438414,D004831
C0438921,D001416
C0443306,D009128
C0451641,D052878
C0452143,D010264
C0454542,D013342
C0454560,D007806
C0454576,D001037
C0454596,D004401
C0454597,D004401
C0454598,D004401
C0454606,D020820
C0454608,D001072
C0454651,D000080888
C0454655,D007805
C0455988,D015160
C0455990,D015160
C0456483,D004714
C0456889,D058527
C0456909,D001766
C0457133,D058494
C0457190,D008579
C0458247,D006930
C0458257,D010146
C0458259,D010146
C0472381,D002546
C0472383,D013345
C0472387,D001929
C0472388,D001929
C0473527,D052456
C0473574,D054000
C0473575,D007644
C0474366,D006261
C0476089,D016889
C0476254,D004410
C0477432,D006849
C0494410,D020178
C0494463,D000544
C0494475,D012640
C0496899,D001932
C0497156,D000072281
C0497327,D003704
C0497406,D050177
C0497552,D009421
C0519066,D011778
C0520459,D020345
C0520463,D006521
C0520474,D010020
C0520477,D011470
C0520482,D013001
C0520679,D020181
C0520731,D009759
C0520757,D055191
C0520966,D001259
C0521174,D002114
C0521607,D056627
C0521654,D009461
C0521659,D016472
C0521662,D006429
C0521664,D008881
C0521753,D009759
C0521754,D009759
C0521755,D009759
C0521756,D009759
C0521757,D009759
C0521759,D009759
C0521760,D009759
C0521761,D009759
C0521787,D014012
C0521788,D014012
C0522224,D010243
C0522345,D012021
C0524524,D002386
C0524528,D002659
C0524582,D050336
C0524595,D005271
C0524610,D006519
C0524611,D006521
C0524620,D024821
C0524661,D000079524
C0524662,D009293
C0524679,D009902
C0524686,D010485
C0524702,D011655
C0524730,D014071
C0524851,D019636
C0524909,D019694
C0524910,D019698
C0524948,D019767
C0524988,D019873
C0525041,D019954
C0525045,D019964
C0525046,D019967
C0541798,D007319
C0541957,D005207
C0543478,D018365
C0543663,D000744
C0543858,D016472
C0543859,D000690
C0544668,D006212
C0544796,D009220
C0546125,D017696
C0546126,D000544
C0546127,D020262
C0546264,D020914
C0546837,D004938
C0546878,D013036
C0546966,D056734
C0547065,D001254
C0549159,D066088
C0549423,D006849
C0549463,D008232
C0549473,D013964
C0549567,D010859
C0553558,D013036
C0553580,D012512
C0553586,D009456
C0553604,D020967
C0553692,D020300
C0553730,D002805
C0553757,D000857
C0553767,D002547
C0553980,D004719
C0554591,D017285
C0555198,D005910
C0555206,D001139
C0556346,D063425
C0558845,D012021
C0558846,D012021
C0558847,D012021
C0559031,D005767
C0559470,D021183
C0563608,D006212
C0563661,D006212
C0566602,D015209
C0574083,D056889
C0574960,D058566
C0576612,D012021
C0577631,D002340
C0577660,D017116
C0581883,D003638
C0585362,D000077195
C0585540,D009207
C0586323,D020270
C0587248,D056685
C0596170,D056912
C0596263,D063646
C0596298,D002561
C0597124,D024741
C0598608,D020138
C0598784,D050171
C0599035,D015799
C0600040,D018856
C0600066,D003557
C0600177,D002303
C0600178,D002340
C0600228,D006323
C0600241,D006556
C0600260,D008173
C0600272,D009021
C0600298,D010520
C0600327,D012772
C0600359,D015140
C0600427,D019970
C0600433,D020016
C0600467,D020078
C0600518,D020256
C0600519,D020257
C0600520,D020257
C0677050,D020149
C0677501,D018500
C0677607,D050031
C0677608,D006391
C0677776,D061325
C0677866,D020295
C0678202,D003424
C0678213,D006828
C0678222,D001943
C0679360,D005517
C0684219,D020385
C0684276,D013036
C0684337,D018241
C0685837,D023961
C0685938,D005770
C0686353,D049288
C0687150,D010282
C0687720,D020790
C0699728,D002819
C0699731,D002819
C0699739,D009477
C0700053,D024741
C0700201,D020920
C0700292,D000860
C0700345,D002181
C0700359,D062025
C0700367,D018242
C0700438,D008881
C0700501,D020417
C0700595,D014897
C0701818,D042883
C0701826,D066087
C0702166,D000152
C0702169,D009436
C0729353,D007246
C0730290,D000077765
C0733682,D053098
C0740277,D001650
C0740340,D028226
C0740345,D009373
C0740363,D001416
C0740376,D020244
C0740385,D002532
C0740386,D002532
C0740387,D002532
C0740391,D020244
C0740392,D020244
C0740394,D033461
C0740457,D007680
C0740858,D019966
C0741160,D001019
C0742803,D013117
C0743002,D012021
C0743332,D020821
C0745103,D006938
C0745744,D058625
C0746787,D006258
C0746857,D009461
C0748540,D045745
C0749098,D020199
C0749420,D050033
C0749794,D038062
C0750887,D000310
C0750900,D000544
C0750901,D000544
C0750905,D000592
C0750906,D000647
C0750907,D000647
C0750908,D000648
C0750909,D000648
C0750910,D000648
C0750917,D001037
C0750918,D001037
C0750919,D001037
C0750920,D001037
C0750921,D001037
C0750927,D001072
C0750928,D001072
C0750929,D001139
C0750931,D001139
C0750932,D001139
C0750935,D001254
C0750936,D001254
C0750937,D001259
C0750940,D001259
C0750942,D001308
C0750944,D001342
C0750945,D001342
C0750946,D001342
C0750949,D001416
C0750951,D001480
C0750952,D001661
C0750953,D001750
C0750955,D001750
C0750958,D001766
C0750968,D001928
C0750969,D001929
C0750970,D001929
C0750974,D001932
C0750977,D001932
C0750979,D001932
C0750986,D002340
C0750987,D002340
C0750988,D002341
C0750989,D002341
C0750990,D002341
C0750992,D002389
C0750993,D002389
C0750994,D002524
C0751000,D002532
C0751001,D002532
C0751002,D002532
C0751003,D002532
C0751004,D002532
C0751005,D002532
C0751008,D002538
C0751010,D002544
C0751011,D002544
C0751012,D002544
C0751014,D002544
C0751019,D002546
C0751020,D002546
C0751021,D002546
C0751022,D002546
C0751024,D002547
C0751025,D002547
C0751036,D002607
C0751037,D003057
C0751038,D003057
C0751039,D003057
C0751042,D003117
C0751043,D003117
C0751056,D012640
C0751057,D003294
C0751061,D003397
C0751068,D003638
C0751071,D003704
C0751072,D057174
C0751074,D003929
C0751075,D004067
C0751081,D004314
C0751083,D004370
C0751084,D004370
C0751088,D004409
C0751093,D004421
C0751097,D004652
C0751110,D012640
C0751111,D004827
C0751112,D004828
C0751113,D004828
C0751115,D004828
C0751117,D004830
C0751118,D004830
C0751119,D004830
C0751120,D004831
C0751122,D004831
C0751123,D012640
C0751124,D004832
C0751141,D005158
C0751142,D005158
C0751143,D005158
C0751144,D005207
C0751156,D005600
C0751157,D005600
C0751161,D005693
C0751172,D006009
C0751173,D006009
C0751174,D006009
C0751175,D006212
C0751176,D006212
C0751177,D006258
C0751186,D006261
C0751187,D006261
C0751189,D006261
C0751190,D006261
C0751192,D006261
C0751195,D006429
C0751197,D006501
C0751198,D006501
C0751202,D006712
C0751207,D006816
C0751208,D006816
C0751211,D006930
C0751212,D006930
C0751213,D006930
C0751214,D006930
C0751215,D006941
C0751216,D006941
C0751217,D006948
C0751220,D047748
C0751226,D006970
C0751249,D007319
C0751250,D007319
C0751251,D007319
C0751252,D007319
C0751254,D007562
C0751257,D007805
C0751262,D007859
C0751263,D007859
C0751265,D007859
C0751267,D007888
C0751268,D007888
C0751273,D007965
C0751276,D007966
C0751278,D007966
C0751279,D007966
C0751285,D008375
C0751291,D008527
C0751292,D008569
C0751293,D008569
C0751294,D008569
C0751295,D008569
C0751303,D008579
C0751304,D008579
C0751316,D008591
C0751324,D009103
C0751325,D009122
C0751326,D009122
C0751327,D009122
C0751328,D009122
C0751329,D009122
C0751330,D009123
C0751334,D009134
C0751335,D009134
C0751336,D049310
C0751337,D000083143
C0751339,D009157
C0751340,D009157
C0751348,D009207
C0751349,D009207
C0751350,D009207
C0751351,D009207
C0751352,D009207
C0751353,D009207
C0751354,D009207
C0751355,D009207
C0751356,D009220
C0751357,D009220
C0751358,D009222
C0751359,D009222
C0751360,D009224
C0751362,D009290
C0751364,D009373
C0751365,D009373
C0751366,D009381
C0751371,D009437
C0751372,D009437
C0751373,D009437
C0751374,D009442
C0751377,D009461
C0751378,D009461
C0751381,D009468
C0751383,D009472
C0751394,D009669
C0751395,D009837
C0751396,D009837
C0751401,D009886
C0751402,D009901
C0751406,D010024
C0751407,D010146
C0751408,D010146
C0751409,D010291
C0751410,D010291
C0751412,D010292
C0751414,D010302
C0751415,D010302
C0751422,D056660
C0751434,D010661
C0751435,D010661
C0751436,D010661
C0751437,D010900
C0751438,D010900
C0751445,D011051
C0751446,D011051
C0751447,D011051
C0751448,D011115
C0751449,D011115
C0751456,D011596
C0751460,D011782
C0751461,D011782
C0751468,D012021
C0751469,D012021
C0751470,D012021
C0751471,D012021
C0751472,D012021
C0751473,D012021
C0751474,D012021
C0751475,D012021
C0751476,D012021
C0751477,D012021
C0751478,D012021
C0751479,D012021
C0751480,D012021
C0751481,D012021
C0751483,D012175
C0751484,D012175
C0751489,D012497
C0751490,D012497
C0751491,D012497
C0751494,D012640
C0751495,D012640
C0751496,D012640
C0751497,D012678
C0751500,D012851
C0751501,D012851
C0751502,D012851
C0751505,D012892
C0751506,D012892
C0751507,D012892
C0751508,D012893
C0751509,D012893
C0751510,D012893
C0751511,D012893
C0751512,D013064
C0751513,D013064
C0751514,D013064
C0751522,D013226
C0751523,D013226
C0751524,D013226
C0751527,D013342
C0751528,D013342
C0751529,D013342
C0751530,D013345
C0751544,D013631
C0751552,D013953
C0751553,D013981
C0751554,D013981
C0751556,D014012
C0751557,D014012
C0751558,D014012
C0751559,D014012
C0751564,D014202
C0751565,D014202
C0751569,D014565
C0751571,D014571
C0751583,D014901
C0751584,D014901
C0751585,D014901
C0751586,D014901
C0751587,D046589
C0751588,D015173
C0751589,D015173
C0751590,D015173
C0751594,D015211
C0751595,D015325
C0751596,D015325
C0751597,D015325
C0751602,D015419
C0751603,D015419
C0751604,D015419
C0751605,D015419
C0751617,D016142
C0751620,D016543
C0751622,D016603
C0751633,D016893
C0751634,D016893
C0751635,D016893
C0751636,D016893
C0751640,D017029
C0751641,D017029
C0751642,D017034
C0751643,D017034
C0751645,D017096
C0751648,D017116
C0751651,D028361
C0751663,D017825
C0751664,D017825
C0751665,D017825
C0751666,D017825
C0751667,D017825
C0751668,D017827
C0751669,D017827
C0751670,D017827
C0751671,D017827
C0751674,D018192
C0751675,D018242
C0751688,D018307
C0751689,D018317
C0751690,D018319
C0751691,D018317
C0751692,D018325
C0751701,D018476
C0751706,D057178
C0751708,D018901
C0751709,D018901
C0751710,D018901
C0751711,D018917
C0751712,D018917
C0751713,D018979
C0751716,D019150
C0751717,D019150
C0751718,D019150
C0751733,D019636
C0751743,D001928
C0751744,D001928
C0751747,D020158
C0751748,D020158
C0751750,D020159
C0751751,D020159
C0751753,D020165
C0751758,D020178
C0751759,D020178
C0751760,D020178
C0751761,D020181
C0751776,D020191
C0751777,D020191
C0751778,D020191
C0751779,D020191
C0751780,D020191
C0751781,D020191
C0751782,D020191
C0751783,D020192
C0751784,D020192
C0751785,D020194
C0751797,D020198
C0751812,D020207
C0751823,D020225
C0751824,D020225
C0751829,D020233
C0751830,D020233
C0751831,D020233
C0751832,D020233
C0751836,D020234
C0751837,D020234
C0751845,D020244
C0751846,D020244
C0751847,D020244
C0751848,D020244
C0751849,D020244
C0751851,D020261
C0751852,D020261
C0751855,D020262
C0751856,D020262
C0751857,D020262
C0751858,D020262
C0751859,D020263
C0751864,D020267
C0751865,D020268
C0751868,D020270
C0751869,D020270
C0751870,D020271
C0751871,D020274
C0751872,D020274
C0751882,D020294
C0751883,D020294
C0751884,D020294
C0751885,D020294
C0751886,D020295
C0751887,D020295
C0751888,D020295
C0751889,D020295
C0751893,D020300
C0751895,D020301
C0751898,D020323
C0751899,D020323
C0751900,D020323
C0751901,D020323
C0751914,D020371
C0751915,D020371
C0751916,D020371
C0751917,D020371
C0751918,D020371
C0751919,D020386
C0751924,D020426
C0751925,D020426
C0751951,D020512
C0751952,D020520
C0751953,D020520
C0751954,D020520
C0751955,D020520
C0751956,D020521
C0751958,D020522
C0751967,D020529
C0752048,D020642
C0752097,D020734
C0752098,D020734
C0752100,D020734
C0752101,D020734
C0752104,D020734
C0752105,D020734
C0752107,D020739
C0752109,D020739
C0752110,D020739
C0752120,D020754
C0752121,D020754
C0752122,D020754
C0752123,D020754
C0752124,D020754
C0752125,D020754
C0752143,D020767
C0752144,D020767
C0752160,D020786
C0752161,D020786
C0752164,D020786
C0752166,D020788
C0752196,D020820
C0752197,D020821
C0752198,D020821
C0752199,D020821
C0752200,D020821
C0752201,D020821
C0752202,D020821
C0752203,D020821
C0752205,D020821
C0752206,D020821
C0752207,D020821
C0752208,D020821
C0752210,D002819
C0752251,D020879
C0752252,D020879
C0752255,D020886
C0752256,D020886
C0752257,D020886
C0752258,D020886
C0752260,D020886
C0752261,D020886
C0752262,D020886
C0752282,D020914
C0752288,D020920
C0752289,D020920
C0752291,D020920
C0752292,D020920
C0752293,D020920
C0752304,D020925
C0752305,D020925
C0752306,D020925
C0752307,D020925
C0752308,D020925
C0752332,D020945
C0752334,D020945
C0752335,D020945
C0752347,D020961
C0752350,D020964
C0752351,D020964
C0752355,D020967
C0795688,D013345
C0795690,D006554
C0795841,D054868
C0795864,D058496
C0795907,D004062
C0796117,D054877
C0796147,D055673
C0813142,D021081
C0814154,D063647
C0836924,D013922
C0848558,D007021
C0848676,D007248
C0851140,D002578
C0851578,D012893
C0852036,D046110
C0852077,D025861
C0852283,D012128
C0853897,D058065
C0854119,D001064
C0854135,D011552
C0854145,D001068
C0854723,D058499
C0856761,D006502
C0857007,D051556
C0860029,D002181
C0860207,D056486
C0860634,D003128
C0869523,D009205
C0872084,D055948
C0876994,D066126
C0877172,D046748
C0877578,D016609
C0877781,D006261
C0877792,D020178
C0877848,D006311
C0877855,D002542
C0878500,D002278
C0878544,D009202
C0878576,D054038
C0878675,D031249
C0878677,D052120
C0878681,D057973
C0878773,D053201
C0887799,D002544
C0887800,D021081
C0887833,D021441
C0887850,D016891
C0887898,D011014
C0887900,D006258
C0917713,D020388
C0917715,D031845
C0917730,D007247
C0917731,D007248
C0917796,D029242
C0917798,D002545
C0917800,D004831
C0917801,D007319
C0917804,D002538
C0917805,D002546
C0917812,D013746
C0917813,D016137
C0917816,D008607
C0917817,D017253
C0917981,D009134
C0917990,D030981
C0917996,D002532
C0919267,D010051
C0919532,D042822
C0920269,D053842
C0920296,D004410
C0920350,D013967
C0920563,D007333
C0936016,D013734
C0936243,D015526
C0936247,D002542
C0936248,D002812
C0936256,D020167
C0936261,D020767
C0936263,D020767
C0936273,D028227
C0947622,D041761
C0948008,D000083242
C0948089,D054058
C0948480,D023903
C0948896,D007006
C0949116,D029502
C0949272,D003424
C0949331,D006059
C0949496,D017240
C0949506,D017499
C0949541,D018249
C0949595,D023961
C0949658,D024741
C0949664,D024801
C0949690,D025241
C0949804,D027601
C0949855,D028361
C0949856,D028361
C0949857,D028361
C0950121,D030321
C0950122,D052159
C0969687,D025063
C0971858,D001169
C0973461,D001037
C0993582,D001169
C0994516,D004370
C0995195,D002534
C1096063,D000069279
C1096154,D053578
C1096155,D055501
C1096902,D029461
C1096903,D029461
C1112486,D034721
C1135196,D054144
C1135745,D008585
C1135746,D008585
C1135747,D008585
C1135773,D001928
C1135868,D031901
C1136033,D034701
C1136041,D016518
C1136042,D016518
C1136043,D016518
C1136082,D020964
C1136135,D003681
C1136209,D008585
C1136210,D008585
C1136249,D038901
C1136321,D039682
C1136382,D011085
C1137478,D041441
C1140680,D010051
C1140710,D020786
C1140716,D002534
C1142166,D053840
C1142379,D020196
C1145628,D001342
C1145670,D012131
C1148477,D003639
C1148551,D019871
C1167732,D010493
C1168401,D000077195
C1175175,D045169
C1176475,D044584
C1257796,D015529
C1257797,D015529
C1257798,D015529
C1257799,D015529
C1257806,D043171
C1257840,D006627
C1257861,D003248
C1257877,D010673
C1257915,D044483
C1257925,D015674
C1257931,D001943
C1257958,D044882
C1257963,D006946
C1257964,D006946
C1257965,D006946
C1258085,D001471
C1258104,D045743
C1260873,D000082862
C1260880,D000086722
C1260899,D029503
C1260965,D062689
C1261473,D012509
C1261502,D004909
C1262477,D015431
C1262760,D056486
C1263846,D001289
C1264039,D056725
C1264040,D056728
C1264041,D056729
C1266042,D002292
C1266043,D002292
C1266044,D002292
C1266119,D054364
C1266194,D006689
C1268935,D011697
C1269683,D003865
C1270972,D060825
C1274933,D013262
C1275592,D002821
C1275668,D008527
C1279420,D001008
C1279481,D053632
C1281931,D007767
C1282359,D010390
C1282968,D056728
C1282971,D056728
C1282974,D056728
C1282975,D056728
C1285261,D048070
C1292772,D054438
C1297882,D014314
C1298681,D006959
C1300127,D054973
C1301355,D054437
C1301362,D054446
C1306214,D049913
C1306571,D048550
C1306589,D000742
C1306710,D005146
C1306837,D002292
C1318973,D013203
C1319853,D055963
C1320474,D009127
C1321489,D055653
C1321905,D001289
C1328252,D007897
C1328479,D018273
C1328840,D056735
C1330966,D007859
C1332347,D002285
C1332965,D018201
C1333990,D003123
C1333991,D055847
C1334261,D008579
C1334271,D008579
C1334968,D006689
C1335107,D008579
C1368275,D002280
C1368683,D009375
C1370889,D008080
C1383860,D006332
C1384406,D008579
C1384408,D008579
C1384514,D006929
C1384666,D034381
C1412000,D065666
C1443892,D011778
C1449563,D002311
C1449626,D046589
C1449646,D010538
C1449647,D010538
C1449718,D001941
C1449720,D006177
C1449721,D006177
C1449842,D011546
C1449843,D011546
C1449844,D011546
C1449861,D048629
C1449862,D048629
C1450010,D049068
C1450051,D020389
C1450052,D049310
C1456784,D010259
C1456865,D014514
C1458155,D001943
C1504412,D011629
C1510410,D000857
C1510432,D011832
C1510450,D006311
C1510455,D000168
C1510460,D009958
C1510472,D019966
C1510479,D020968
C1510489,D028243
C1510497,D002386
C1510502,D018249
C1510586,D000067877
C1522378,D054066
C1522512,D000275
C1527168,D014424
C1527197,D008579
C1527231,D000326
C1527258,D011051
C1527303,D029424
C1527304,D006967
C1527306,D013036
C1527310,D012030
C1527311,D001929
C1527317,D020167
C1527335,D002546
C1527336,D012859
C1527337,D028227
C1527338,D028243
C1527348,D002534
C1527352,D006527
C1527366,D013036
C1527383,D012594
C1527384,D014202
C1527390,D001932
C1527396,D003550
C1527402,D000079524
C1527404,D009634
C1527405,D011086
C1527407,D011657
C1527411,D012170
C1531647,D006849
C1535893,D054971
C1535926,D065886
C1535942,D016884
C1536220,D000072657
C1540912,D017681
C1561643,D051436
C1563666,D004401
C1563696,D049914
C1563697,D049914
C1563705,D018500
C1563706,D018500
C1563709,D049970
C1563715,D050030
C1563716,D050033
C1563718,D050035
C1563719,D017436
C1563720,D017436
C1563730,D003456
C1563731,D003456
C1563937,D050197
C1565321,D005767
C1565489,D051437
C1565662,D058186
C1565885,D051556
C1565886,D051556
C1565887,D007567
C1565950,D008579
C1565951,D008579
C1566050,D007567
C1567426,D021782
C1567427,D021782
C1567435,D007690
C1567741,D009394
C1567742,D009394
C1567743,D009394
C1567744,D009394
C1568248,D052245
C1568249,D052245
C1568868,D013280
C1569637,D018269
C1571983,D003865
C1571984,D003865
C1578691,D003409
C1608955,D009165
C1619692,D054989
C1621920,D008375
C1621958,D005909
C1623038,D005355
C1623209,D004370
C1691228,D052177
C1691779,D006319
C1692886,D001170
C1704212,D004617
C1704230,D001254
C1704272,D011470
C1704299,D052476
C1704315,D011704
C1704317,D007971
C1704321,D009402
C1704330,D009057
C1704356,D002812
C1704374,D004701
C1704375,D063730
C1704377,D005921
C1704378,D015433
C1704380,D000141
C1704417,D006938
C1704423,D008209
C1704429,D052456
C1704436,D058729
C1706004,D004476
C1706412,D006949
C1706595,D053549
C1719672,D018805
C1720772,D007009
C1720779,D008072
C1720795,D011472
C1720796,D011472
C1720797,D011472
C1720802,D012035
C1720811,D013736
C1720816,D014591
C1720821,D015432
C1720824,D016757
C1720830,D018856
C1720859,D052496
C1720860,D052496
C1720861,D052496
C1720862,D052497
C1720863,D052497
C1720864,D052517
C1720887,D052776
C1720956,D053306
C1720957,D053306
C1720958,D053306
C1720965,D053359
C1721005,D053529
C1721006,D053546
C1721007,D053549
C1721017,D053578
C1721096,D053840
C1721098,D053842
C1723764,D011472
C1739363,D011470
C1800706,D054990
C1802395,D003635
C1833340,D003398
C1834207,D009472
C1834304,D020968
C1834558,D020914
C1836373,D058494
C1836635,D055947
C1837218,D002972
C1837249,D054081
C1838244,D049310
C1839259,D055534
C1842914,D057826
C1843140,D020936
C1844376,D006105
C1845168,D053098
C1846545,D056735
C1847800,D014849
C1848199,D054221
C1848201,D054221
C1848213,D054091
C1848922,D013661
C1850386,D056768
C1851347,D010505
C1851480,D056266
C1851549,D004828
C1853099,D003635
C1853959,D000080365
C1854540,D056733
C1855284,D001656
C1855465,D000080362
C1855520,D006943
C1855710,D000080983
C1856401,D054069
C1856403,D054069
C1856405,D054069
C1857395,D005198
C1857728,D056828
C1857761,D016738
C1858991,D056784
C1860042,D054882
C1860819,D003398
C1861172,D054556
C1861922,D055036
C1861923,D055036
C1862892,D056829
C1863389,D000168
C1863512,D006952
C1864100,D011547
C1866398,D016715
C1866504,D054463
C1867450,D011561
C1868193,D011030
C1868619,D020967
C1868675,D020734
C1868690,D000075262
C1868720,D054091
C1869114,D056846
C1869115,D056846
C1879312,D054082
C1879321,D015470
C1879328,D001766
C1879526,D058739
C1955860,D054066
C1955861,D054066
C1955869,D054220
C1955870,D054221
C1955906,D054391
C1955934,D054463
C1956093,D054868
C1956097,D054877
C1956125,D016738
C1956130,D008224
C1956131,D008224
C1956147,D008831
C1956258,D011697
C1956260,D020786
C1956346,D003324
C1956349,D028243
C1956391,D013700
C1956410,D004310
C1956411,D004310
C1956412,D004310
C1956413,D004310
C1959582,D006223
C1959583,D006333
C1959588,D006391
C1959620,D054067
C1959626,D054078
C1961099,D054218
C1961102,D054198
C1961112,D006333
C1961835,D005776
C1969342,D065627
C1969343,D065627
C1970479,D019280
C2063866,D061218
C2231324,D002006
C2237660,D057135
C2239176,D006528
C2267233,D009123
C2314896,D000096142
C2316212,D056587
C2349952,D009959
C2350037,D003711
C2350170,D015508
C2350171,D015508
C2350233,D054882
C2350344,D055370
C2350873,D001607
C2350875,D001989
C2350876,D001989
C2350878,D011656
C2350879,D011657
C2350988,D001989
C2362324,D063766
C2363129,D019305
C2363142,D015461
C2584774,D000347
C2585653,D001281
C2607914,D065631
C2607929,D056733
C2609414,D058186
C2674173,D000130
C2674695,D010004
C2677794,D000098850
C2678055,D000083143
C2678439,D010004
C2697932,D055947
C2700553,D016511
C2711227,D005234
C2713319,D007966
C2713321,D008059
C2713347,D019082
C2713368,D009190
C2713392,D009800
C2713394,D010214
C2713442,D011125
C2713443,D011125
C2713447,D011546
C2713497,D000783
C2713499,D012497
C2713537,D001606
C2713546,D013734
C2713615,D054318
C2717750,D055652
C2717759,D055959
C2717836,D016114
C2717859,D056627
C2717860,D056627
C2717876,D056693
C2717884,D056735
C2717905,D056829
C2717906,D056829
C2717961,D057049
C2718067,D005235
C2718068,D016537
C2718076,D005313
C2718078,D017092
C2718304,D016532
C2720163,D016114
C2733158,D059345
C2745945,D057826
C2745948,D057770
C2748895,D050090
C2749106,D000083143
C2751306,D016891
C2751824,D058490
C2919945,D020786
C2930471,D009396
C2930617,D001195
C2930618,D012734
C2930619,D012734
C2930745,D002872
C2930797,D016738
C2930927,D017436
C2931058,D008382
C2931150,D003398
C2931187,D003554
C2931196,D003394
C2931205,D052245
C2931245,D000080983
C2931358,D014897
C2931618,D031901
C2931689,D009223
C2931735,D053546
C2931788,D065766
C2931822,D000077274
C2931832,D044903
C2931833,D044903
C2931861,D009394
C2931868,D020642
C2936170,D004374
C2936179,D056128
C2936331,D058088
C2936332,D058088
C2936346,D058165
C2936349,D058225
C2936350,D058226
C2936351,D058226
C2936380,D058426
C2936381,D058426
C2936403,D058489
C2936406,D058494
C2936419,D058531
C2936444,D058566
C2936445,D058566
C2936476,D058625
C2936502,D058747
C2936664,D017074
C2936665,D017074
C2936694,D006061
C2936718,D006849
C2936719,D006930
C2936739,D007589
C2936755,D008258
C2936779,D017118
C2936781,D009224
C2936783,D003123
C2936791,D054882
C2936797,D015223
C2936827,D000090303
C2936837,D053546
C2936847,D020642
C2936848,D020642
C2937358,D002543
C2937421,D011470
C2939175,D000074270
C2939465,D005955
C2940786,D018382
C2959886,D005080
C2973527,D003811
C2973725,D000081029
C2973787,D011778
C2985290,D063647
C3146244,D063647
C3160858,D054038
C3163622,D008579
C3178789,D059350
C3178803,D059445
C3178805,D059446
C3178806,D059446
C3178807,D059446
C3179058,D061085
C3179194,D009085
C3179239,D010022
C3179244,D010381
C3179349,D046152
C3179455,D052556
C3179502,D054000
C3203102,D065627
C3203358,D007040
C3203733,D002637
C3241937,D065626
C3245525,D006030
C3266863,D009165
C3266898,D014849
C3276706,D000071075
C3279664,D000077428
C3280030,D000077428
C3463824,D009190
C3468561,D001281
C3489395,D006954
C3489396,D007006
C3489413,D008067
C3489447,D020513
C3489529,D000848
C3489532,D000071700
C3489571,D001656
C3489572,D001656
C3489627,D013342
C3489628,D013920
C3489630,D049912
C3489704,D014786
C3489793,D058490
C3494162,D016471
C3494186,D006467
C3494187,D006467
C3494247,D062025
C3494248,D062025
C3494422,D063173
C3494423,D063173
C3494424,D063173
C3494425,D063173
C3494426,D063173
C3494506,D011547
C3494522,D016649
C3495144,D001072
C3495145,D013064
C3495427,D005198
C3495483,D054463
C3495551,D054067
C3495559,D001171
C3495676,D000071056
C3495801,D014890
C3495874,D012640
C3501843,D000077273
C3501844,D000077273
C3534585,D017250
C3536797,D017490
C3536983,D053098
C3536984,D053098
C3539878,D064726
C3540662,D057130
C3540852,D053098
C3541456,D010009
C3542021,D020388
C3542499,D017825
C3542500,D018500
C3542501,D020275
C3543867,D017490
C3544321,D000090663
C3554246,D000090303
C3645536,D020914
C3645711,D010022
C3658266,D064129
C3658267,D064129
C3658290,D056486
C3658294,D020152
C3658299,D015211
C3658301,D013262
C3658302,D013262
C3661483,D063647
C3661485,D058496
C3661489,D020914
C3661519,D009134
C3661523,D006627
C3661525,D006105
C3665347,D014786
C3665349,D007037
C3665358,D005687
C3665473,D006312
C3665732,D018223
C3668822,D002524
C3693482,D018223
C3698507,D065708
C3714514,D007239
C3714542,D008228
C3714618,D006980
C3714636,D011014
C3714644,D013953
C3714739,D018301
C3714756,D008607
C3714758,D001171
C3714844,D065627
C3805278,D018281
C3830362,D000022
C3837958,D003922
C3850148,D066253
C3850155,D065817
C3852953,D066253
C3852984,D065666
C3852985,D065666
C3852986,D065666
C3852987,D065666
C3853041,D008831
C3853779,D054098
C3887506,D006948
C3887558,D051359
C3887612,D011595
C3887633,D003616
C3887640,D005911
C3887645,D007589
C3887650,D010018
C3887892,D000082882
C3888018,D044903
C3888024,D000857
C3888418,D015746
C3891815,D001170
C4041080,D019965
C4042763,D055191
C4042784,D001068
C4042891,D012893
C4046029,D001523
C4048158,D012640
C4048196,D044905
C4048328,D002583
C4049050,D003811
C4074771,D007246
C4082171,D020165
C4082173,D065708
C4082299,D010244
C4082301,D065708
C4082304,D000848
C4082305,D003638
C4083008,D020275
C4083212,D000505
C4083251,D054463
C4085580,D020165
C4085590,D000071700
C4255193,D000071699
C4277533,D000094665
C4277682,D056486
C4277690,D000072661
C4279912,D056486
C4281785,D004832
C4282180,D000080362
C4284790,D058494
C4316791,D004749
C4316810,D020821
C4316812,D000347
C4316881,D019966
C4316899,D003554
C4316903,D012640
C4316995,D007037
C4317009,D000076385
C4317109,D012640
C4317123,D012640
C4317124,D007619
C4317171,D063766
C4317339,D004832
C4505291,D000075262
C4505353,D000076385
C4505390,D006556
C4505436,D012640
C4505456,D015658
C4520983,D001656
C4521075,D063766
C4521481,D020386
C4551472,D002312
C4551479,D010009
C4551484,D044542
C4551500,D028227
C4551509,D029593
C4551514,D051359
C4551595,D008105
C4551602,D009634
C4551628,D009293
C4551630,D017490
C4551647,D029597
C4551650,D004940
C4551675,D007645
C4551681,D010520
C4551689,D012891
C4551693,D014929
C4551702,D019280
C4551714,D000071700
C4551720,D002925
C4551769,D020936
C4551804,D053840
C4551851,D003635
C4551858,D014718
C4551861,D013683
C4551862,D013494
C4551863,D013494
C4551895,D056587
C4551902,D003398
C4551904,D012587
C4551906,D007619
C4551910,D020275
C4551952,D020914
C4551955,D055947
C4551968,D054221
C4551969,D054091
C4551998,D065708
C4552004,D049310
C4552070,D065627
C4552079,D016649
C4552091,D001171
C4552097,D054000
C4552100,D003123
C4552765,D004832
C4552766,D000022
C4553297,D004443
C4553478,D063766
C4553705,D004832
C4554007,D003103
C4704862,D001171
C4704874,D001943
C4704876,D002181
C4704884,D005357
C4704885,D005357
C4704955,D063766
C4704956,D063766
C4721411,D010014
C4721444,D002051
C4721453,D010523
C4721507,D011658
C4721509,D054990
C4721532,D008228
C4721610,D000077216
C4721769,D020159
C4721806,D002280
C4721845,D008382
C4721916,D015419
C4721952,D054990
C4722227,D007020
C4722305,D007589
C4722330,D018382